INSERT INTO party (ID, COLOR, IMG, NAME) VALUES (1, '#E61E2B', 'IMG2', '국민의 힘');
INSERT INTO party (ID, COLOR, IMG, NAME) VALUES (2, '#004EA2', 'IMG1', '민주당');
INSERT INTO party (ID, COLOR, IMG, NAME) VALUES (3, '#ffaa00', 'IMG3', '정의당')
INSERT INTO party (ID, COLOR, IMG, NAME) VALUES (100, '#383838', 'IMG4', '기타');

INSERT INTO city (ID, NAME) VALUES (1, '서울특별시');
INSERT INTO city (ID, NAME) VALUES (2, '부산광역시');
INSERT INTO city (ID, NAME) VALUES (3, '대구광역시');
INSERT INTO city (ID, NAME) VALUES (4, '인천광역시');
INSERT INTO city (ID, NAME) VALUES (5, '광주광역시');
INSERT INTO city (ID, NAME) VALUES (6, '대전광역시');
INSERT INTO city (ID, NAME) VALUES (7, '울산광역시');
INSERT INTO city (ID, NAME) VALUES (8, '세종특별자치시');
INSERT INTO city (ID, NAME) VALUES (9, '경기도');
INSERT INTO city (ID, NAME) VALUES (10, '강원도');
INSERT INTO city (ID, NAME) VALUES (11, '충천북도');
INSERT INTO city (ID, NAME) VALUES (12, '충천남도');
INSERT INTO city (ID, NAME) VALUES (13, '전라북도');
INSERT INTO city (ID, NAME) VALUES (14, '전라남도');
INSERT INTO city (ID, NAME) VALUES (15, '경상북도');
INSERT INTO city (ID, NAME) VALUES (16, '경상남도');
INSERT INTO city (ID, NAME) VALUES (17, '제주특별자치도');


INSERT INTO local (NAME, CITY_ID) VALUES ('강남구', 1);
INSERT INTO local (NAME, CITY_ID) VALUES ('강동구', 1);
INSERT INTO local (NAME, CITY_ID) VALUES ('강북구', 1);
INSERT INTO local (NAME, CITY_ID) VALUES ('강서구', 1);
INSERT INTO local (NAME, CITY_ID) VALUES ('관악구', 1);
INSERT INTO local (NAME, CITY_ID) VALUES ('광진구', 1);
INSERT INTO local (NAME, CITY_ID) VALUES ('구로구', 1);
INSERT INTO local (NAME, CITY_ID) VALUES ('금천구', 1);
INSERT INTO local (NAME, CITY_ID) VALUES ('노원구', 1);
INSERT INTO local (NAME, CITY_ID) VALUES ('도봉구', 1);
INSERT INTO local (NAME, CITY_ID) VALUES ('동대문구', 1);
INSERT INTO local (NAME, CITY_ID) VALUES ('동작구', 1);
INSERT INTO local (NAME, CITY_ID) VALUES ('마포구', 1);
INSERT INTO local (NAME, CITY_ID) VALUES ('서대문구', 1);
INSERT INTO local (NAME, CITY_ID) VALUES ('서초구', 1);
INSERT INTO local (NAME, CITY_ID) VALUES ('성동구', 1);
INSERT INTO local (NAME, CITY_ID) VALUES ('성북구', 1);
INSERT INTO local (NAME, CITY_ID) VALUES ('송파구', 1);
INSERT INTO local (NAME, CITY_ID) VALUES ('양천구', 1);
INSERT INTO local (NAME, CITY_ID) VALUES ('영등포구', 1);
INSERT INTO local (NAME, CITY_ID) VALUES ('용산구', 1);
INSERT INTO local (NAME, CITY_ID) VALUES ('은평구', 1);
INSERT INTO local (NAME, CITY_ID) VALUES ('종로구', 1);
INSERT INTO local (NAME, CITY_ID) VALUES ('중구', 1);
INSERT INTO local (NAME, CITY_ID) VALUES ('중랑구', 1);


INSERT INTO local (NAME, CITY_ID) VALUES ('강서구', 2);
INSERT INTO local (NAME, CITY_ID) VALUES ('금정구', 2);
INSERT INTO local (NAME, CITY_ID) VALUES ('기장군', 2);
INSERT INTO local (NAME, CITY_ID) VALUES ('남구', 2);
INSERT INTO local (NAME, CITY_ID) VALUES ('동구', 2);
INSERT INTO local (NAME, CITY_ID) VALUES ('동래구', 2);
INSERT INTO local (NAME, CITY_ID) VALUES ('부산진구', 2);
INSERT INTO local (NAME, CITY_ID) VALUES ('북구', 2);
INSERT INTO local (NAME, CITY_ID) VALUES ('사상구', 2);
INSERT INTO local (NAME, CITY_ID) VALUES ('사하구', 2);
INSERT INTO local (NAME, CITY_ID) VALUES ('서구', 2);
INSERT INTO local (NAME, CITY_ID) VALUES ('수영구', 2);
INSERT INTO local (NAME, CITY_ID) VALUES ('연제구', 2);
INSERT INTO local (NAME, CITY_ID) VALUES ('영도구', 2);
INSERT INTO local (NAME, CITY_ID) VALUES ('중구', 2);
INSERT INTO local (NAME, CITY_ID) VALUES ('해운대구', 2);


INSERT INTO local (NAME, CITY_ID) VALUES ('남구', 3);
INSERT INTO local (NAME, CITY_ID) VALUES ('달서구', 3);
INSERT INTO local (NAME, CITY_ID) VALUES ('달성군', 3);
INSERT INTO local (NAME, CITY_ID) VALUES ('동구', 3);
INSERT INTO local (NAME, CITY_ID) VALUES ('북구', 3);
INSERT INTO local (NAME, CITY_ID) VALUES ('서구', 3);
INSERT INTO local (NAME, CITY_ID) VALUES ('수성구', 3);
INSERT INTO local (NAME, CITY_ID) VALUES ('중구', 3);


INSERT INTO local (NAME, CITY_ID) VALUES ('강화군', 4);
INSERT INTO local (NAME, CITY_ID) VALUES ('계양구', 4);
INSERT INTO local (NAME, CITY_ID) VALUES ('남동구', 4);
INSERT INTO local (NAME, CITY_ID) VALUES ('동구', 4);
INSERT INTO local (NAME, CITY_ID) VALUES ('미추홀구', 4);
INSERT INTO local (NAME, CITY_ID) VALUES ('부평구', 4);
INSERT INTO local (NAME, CITY_ID) VALUES ('서구', 4);
INSERT INTO local (NAME, CITY_ID) VALUES ('연수구', 4);
INSERT INTO local (NAME, CITY_ID) VALUES ('옹진군', 4);
INSERT INTO local (NAME, CITY_ID) VALUES ('중구', 4);

INSERT INTO local (NAME, CITY_ID) VALUES ('광산구', 5);
INSERT INTO local (NAME, CITY_ID) VALUES ('남구', 5);
INSERT INTO local (NAME, CITY_ID) VALUES ('동구', 5);
INSERT INTO local (NAME, CITY_ID) VALUES ('북구', 5);
INSERT INTO local (NAME, CITY_ID) VALUES ('서구', 5);


INSERT INTO local (NAME, CITY_ID) VALUES ('대덕구', 6);
INSERT INTO local (NAME, CITY_ID) VALUES ('동구', 6);
INSERT INTO local (NAME, CITY_ID) VALUES ('서구', 6);
INSERT INTO local (NAME, CITY_ID) VALUES ('유성구', 6);
INSERT INTO local (NAME, CITY_ID) VALUES ('중구', 6);


INSERT INTO local (NAME, CITY_ID) VALUES ('남구', 7);
INSERT INTO local (NAME, CITY_ID) VALUES ('동구', 7);
INSERT INTO local (NAME, CITY_ID) VALUES ('북구', 7);
INSERT INTO local (NAME, CITY_ID) VALUES ('울주군', 7);
INSERT INTO local (NAME, CITY_ID) VALUES ('중구', 7);


INSERT INTO local (NAME, CITY_ID) VALUES ('세종시', 8);


INSERT INTO local (NAME, CITY_ID) VALUES ('가평군', 9);
INSERT INTO local (NAME, CITY_ID) VALUES ('고양시', 9);
INSERT INTO local (NAME, CITY_ID) VALUES ('고양시 덕양구', 9);
INSERT INTO local (NAME, CITY_ID) VALUES ('고양시 일산동구', 9);
INSERT INTO local (NAME, CITY_ID) VALUES ('고양시 일산서구', 9);
INSERT INTO local (NAME, CITY_ID) VALUES ('과천시', 9);
INSERT INTO local (NAME, CITY_ID) VALUES ('광명시', 9);
INSERT INTO local (NAME, CITY_ID) VALUES ('광주시', 9);
INSERT INTO local (NAME, CITY_ID) VALUES ('구리시', 9);
INSERT INTO local (NAME, CITY_ID) VALUES ('군포시', 9);
INSERT INTO local (NAME, CITY_ID) VALUES ('김포시', 9);
INSERT INTO local (NAME, CITY_ID) VALUES ('남양주시', 9);
INSERT INTO local (NAME, CITY_ID) VALUES ('동두천시', 9);
INSERT INTO local (NAME, CITY_ID) VALUES ('부천시', 9);
INSERT INTO local (NAME, CITY_ID) VALUES ('성남시', 9);
INSERT INTO local (NAME, CITY_ID) VALUES ('성남시 분당구', 9);
INSERT INTO local (NAME, CITY_ID) VALUES ('성남시 수정구', 9);
INSERT INTO local (NAME, CITY_ID) VALUES ('성남시 중원구', 9);
INSERT INTO local (NAME, CITY_ID) VALUES ('수원시', 9);
INSERT INTO local (NAME, CITY_ID) VALUES ('수원시 권선구', 9);
INSERT INTO local (NAME, CITY_ID) VALUES ('수원시 영통구', 9);
INSERT INTO local (NAME, CITY_ID) VALUES ('수원시 장안구', 9);
INSERT INTO local (NAME, CITY_ID) VALUES ('수원시 팔달구', 9);
INSERT INTO local (NAME, CITY_ID) VALUES ('시흥시', 9);
INSERT INTO local (NAME, CITY_ID) VALUES ('안산시', 9);
INSERT INTO local (NAME, CITY_ID) VALUES ('안산시 단원구', 9);
INSERT INTO local (NAME, CITY_ID) VALUES ('안산시 상록구', 9);
INSERT INTO local (NAME, CITY_ID) VALUES ('안성시', 9);
INSERT INTO local (NAME, CITY_ID) VALUES ('안양시', 9);
INSERT INTO local (NAME, CITY_ID) VALUES ('안양시 동안구', 9);
INSERT INTO local (NAME, CITY_ID) VALUES ('안양시 만안구', 9);
INSERT INTO local (NAME, CITY_ID) VALUES ('양주시', 9);
INSERT INTO local (NAME, CITY_ID) VALUES ('양평군', 9);
INSERT INTO local (NAME, CITY_ID) VALUES ('여주시', 9);
INSERT INTO local (NAME, CITY_ID) VALUES ('연천군', 9);
INSERT INTO local (NAME, CITY_ID) VALUES ('오산시', 9);
INSERT INTO local (NAME, CITY_ID) VALUES ('용인시', 9);
INSERT INTO local (NAME, CITY_ID) VALUES ('용인시 기흥구', 9);
INSERT INTO local (NAME, CITY_ID) VALUES ('용인시 수지구', 9);
INSERT INTO local (NAME, CITY_ID) VALUES ('용인시 처인구', 9);
INSERT INTO local (NAME, CITY_ID) VALUES ('의왕시', 9);
INSERT INTO local (NAME, CITY_ID) VALUES ('의정부시', 9);
INSERT INTO local (NAME, CITY_ID) VALUES ('이천시', 9);
INSERT INTO local (NAME, CITY_ID) VALUES ('파주시', 9);
INSERT INTO local (NAME, CITY_ID) VALUES ('평택시', 9);
INSERT INTO local (NAME, CITY_ID) VALUES ('포천시', 9);
INSERT INTO local (NAME, CITY_ID) VALUES ('하남시', 9);
INSERT INTO local (NAME, CITY_ID) VALUES ('화성시', 9);


INSERT INTO local (NAME, CITY_ID) VALUES ('강릉시', 10);
INSERT INTO local (NAME, CITY_ID) VALUES ('고성군', 10);
INSERT INTO local (NAME, CITY_ID) VALUES ('동해시', 10);
INSERT INTO local (NAME, CITY_ID) VALUES ('삼척시', 10);
INSERT INTO local (NAME, CITY_ID) VALUES ('속초시', 10);
INSERT INTO local (NAME, CITY_ID) VALUES ('양구군', 10);
INSERT INTO local (NAME, CITY_ID) VALUES ('양양군', 10);
INSERT INTO local (NAME, CITY_ID) VALUES ('영월군', 10);
INSERT INTO local (NAME, CITY_ID) VALUES ('원주시', 10);
INSERT INTO local (NAME, CITY_ID) VALUES ('인제군', 10);
INSERT INTO local (NAME, CITY_ID) VALUES ('정선군', 10);
INSERT INTO local (NAME, CITY_ID) VALUES ('철원군', 10);
INSERT INTO local (NAME, CITY_ID) VALUES ('춘천시', 10);
INSERT INTO local (NAME, CITY_ID) VALUES ('태백시', 10);
INSERT INTO local (NAME, CITY_ID) VALUES ('평창군', 10);
INSERT INTO local (NAME, CITY_ID) VALUES ('홍천군', 10);
INSERT INTO local (NAME, CITY_ID) VALUES ('화천군', 10);
INSERT INTO local (NAME, CITY_ID) VALUES ('횡성군', 10);


INSERT INTO local (NAME, CITY_ID) VALUES ('괴산군', 11);
INSERT INTO local (NAME, CITY_ID) VALUES ('단양군', 11);
INSERT INTO local (NAME, CITY_ID) VALUES ('보은군', 11);
INSERT INTO local (NAME, CITY_ID) VALUES ('영동군', 11);
INSERT INTO local (NAME, CITY_ID) VALUES ('옥천군', 11);
INSERT INTO local (NAME, CITY_ID) VALUES ('음성군', 11);
INSERT INTO local (NAME, CITY_ID) VALUES ('제천시', 11);
INSERT INTO local (NAME, CITY_ID) VALUES ('증평군', 11);
INSERT INTO local (NAME, CITY_ID) VALUES ('진천군', 11);
INSERT INTO local (NAME, CITY_ID) VALUES ('청주시', 11);
INSERT INTO local (NAME, CITY_ID) VALUES ('청주시 상당구', 11);
INSERT INTO local (NAME, CITY_ID) VALUES ('청주시 서원구', 11);
INSERT INTO local (NAME, CITY_ID) VALUES ('청주시 청원구', 11);
INSERT INTO local (NAME, CITY_ID) VALUES ('청주시 흥덕구', 11);
INSERT INTO local (NAME, CITY_ID) VALUES ('충주시', 11);


INSERT INTO local (NAME, CITY_ID) VALUES ('계룡시', 12);
INSERT INTO local (NAME, CITY_ID) VALUES ('공주시', 12);
INSERT INTO local (NAME, CITY_ID) VALUES ('금산군', 12);
INSERT INTO local (NAME, CITY_ID) VALUES ('논산시', 12);
INSERT INTO local (NAME, CITY_ID) VALUES ('당진시', 12);
INSERT INTO local (NAME, CITY_ID) VALUES ('보령시', 12);
INSERT INTO local (NAME, CITY_ID) VALUES ('부여군', 12);
INSERT INTO local (NAME, CITY_ID) VALUES ('서산시', 12);
INSERT INTO local (NAME, CITY_ID) VALUES ('서천군', 12);
INSERT INTO local (NAME, CITY_ID) VALUES ('아산시', 12);
INSERT INTO local (NAME, CITY_ID) VALUES ('예산군', 12);
INSERT INTO local (NAME, CITY_ID) VALUES ('천안시', 12);
INSERT INTO local (NAME, CITY_ID) VALUES ('천안시 동남구', 12);
INSERT INTO local (NAME, CITY_ID) VALUES ('천안시 서북구', 12);
INSERT INTO local (NAME, CITY_ID) VALUES ('청양군', 12);
INSERT INTO local (NAME, CITY_ID) VALUES ('태안군', 12);
INSERT INTO local (NAME, CITY_ID) VALUES ('홍성군', 12);


INSERT INTO local (NAME, CITY_ID) VALUES ('고창군', 13);
INSERT INTO local (NAME, CITY_ID) VALUES ('군산시', 13);
INSERT INTO local (NAME, CITY_ID) VALUES ('김제시', 13);
INSERT INTO local (NAME, CITY_ID) VALUES ('남원시', 13);
INSERT INTO local (NAME, CITY_ID) VALUES ('무주군', 13);
INSERT INTO local (NAME, CITY_ID) VALUES ('부안군', 13);
INSERT INTO local (NAME, CITY_ID) VALUES ('순창군', 13);
INSERT INTO local (NAME, CITY_ID) VALUES ('완주군', 13);
INSERT INTO local (NAME, CITY_ID) VALUES ('익산시', 13);
INSERT INTO local (NAME, CITY_ID) VALUES ('임실군', 13);
INSERT INTO local (NAME, CITY_ID) VALUES ('장수군', 13);
INSERT INTO local (NAME, CITY_ID) VALUES ('전주시', 13);
INSERT INTO local (NAME, CITY_ID) VALUES ('전주시 덕진구', 13);
INSERT INTO local (NAME, CITY_ID) VALUES ('전주시 완산구', 13);
INSERT INTO local (NAME, CITY_ID) VALUES ('정읍시', 13);
INSERT INTO local (NAME, CITY_ID) VALUES ('진안군', 13);


INSERT INTO local (NAME, CITY_ID) VALUES ('강진군', 14);
INSERT INTO local (NAME, CITY_ID) VALUES ('고흥군', 14);
INSERT INTO local (NAME, CITY_ID) VALUES ('곡성군', 14);
INSERT INTO local (NAME, CITY_ID) VALUES ('광양시', 14);
INSERT INTO local (NAME, CITY_ID) VALUES ('구례군', 14);
INSERT INTO local (NAME, CITY_ID) VALUES ('나주시', 14);
INSERT INTO local (NAME, CITY_ID) VALUES ('담양군', 14);
INSERT INTO local (NAME, CITY_ID) VALUES ('목포시', 14);
INSERT INTO local (NAME, CITY_ID) VALUES ('무안군', 14);
INSERT INTO local (NAME, CITY_ID) VALUES ('보성군', 14);
INSERT INTO local (NAME, CITY_ID) VALUES ('순천시', 14);
INSERT INTO local (NAME, CITY_ID) VALUES ('신안군', 14);
INSERT INTO local (NAME, CITY_ID) VALUES ('여수시', 14);
INSERT INTO local (NAME, CITY_ID) VALUES ('영광군', 14);
INSERT INTO local (NAME, CITY_ID) VALUES ('영암군', 14);
INSERT INTO local (NAME, CITY_ID) VALUES ('완도군', 14);
INSERT INTO local (NAME, CITY_ID) VALUES ('장성군', 14);
INSERT INTO local (NAME, CITY_ID) VALUES ('장흥군', 14);
INSERT INTO local (NAME, CITY_ID) VALUES ('진도군', 14);
INSERT INTO local (NAME, CITY_ID) VALUES ('함평군', 14);
INSERT INTO local (NAME, CITY_ID) VALUES ('해남군', 14);
INSERT INTO local (NAME, CITY_ID) VALUES ('화순군', 14);


INSERT INTO local (NAME, CITY_ID) VALUES ('경산시', 15);
INSERT INTO local (NAME, CITY_ID) VALUES ('경주시', 15);
INSERT INTO local (NAME, CITY_ID) VALUES ('고령군', 15);
INSERT INTO local (NAME, CITY_ID) VALUES ('구미시', 15);
INSERT INTO local (NAME, CITY_ID) VALUES ('군위군', 15);
INSERT INTO local (NAME, CITY_ID) VALUES ('김천시', 15);
INSERT INTO local (NAME, CITY_ID) VALUES ('문경시', 15);
INSERT INTO local (NAME, CITY_ID) VALUES ('봉화군', 15);
INSERT INTO local (NAME, CITY_ID) VALUES ('상주시', 15);
INSERT INTO local (NAME, CITY_ID) VALUES ('성주군', 15);
INSERT INTO local (NAME, CITY_ID) VALUES ('안동시', 15);
INSERT INTO local (NAME, CITY_ID) VALUES ('영덕군', 15);
INSERT INTO local (NAME, CITY_ID) VALUES ('영양군', 15);
INSERT INTO local (NAME, CITY_ID) VALUES ('영주시', 15);
INSERT INTO local (NAME, CITY_ID) VALUES ('영천시', 15);
INSERT INTO local (NAME, CITY_ID) VALUES ('예천군', 15);
INSERT INTO local (NAME, CITY_ID) VALUES ('울릉군', 15);
INSERT INTO local (NAME, CITY_ID) VALUES ('울진군', 15);
INSERT INTO local (NAME, CITY_ID) VALUES ('의성군', 15);
INSERT INTO local (NAME, CITY_ID) VALUES ('청도군', 15);
INSERT INTO local (NAME, CITY_ID) VALUES ('청송군', 15);
INSERT INTO local (NAME, CITY_ID) VALUES ('칠곡군', 15);
INSERT INTO local (NAME, CITY_ID) VALUES ('포항시', 15);
INSERT INTO local (NAME, CITY_ID) VALUES ('포항시 남구', 15);
INSERT INTO local (NAME, CITY_ID) VALUES ('포항시 북구', 15);


INSERT INTO local (NAME, CITY_ID) VALUES ('거제시', 16);
INSERT INTO local (NAME, CITY_ID) VALUES ('거창군', 16);
INSERT INTO local (NAME, CITY_ID) VALUES ('고성군', 16);
INSERT INTO local (NAME, CITY_ID) VALUES ('김해시', 16);
INSERT INTO local (NAME, CITY_ID) VALUES ('남해군', 16);
INSERT INTO local (NAME, CITY_ID) VALUES ('밀양시', 16);
INSERT INTO local (NAME, CITY_ID) VALUES ('사천시', 16);
INSERT INTO local (NAME, CITY_ID) VALUES ('산청군', 16);
INSERT INTO local (NAME, CITY_ID) VALUES ('양산시', 16);
INSERT INTO local (NAME, CITY_ID) VALUES ('의령군', 16);
INSERT INTO local (NAME, CITY_ID) VALUES ('진주시', 16);
INSERT INTO local (NAME, CITY_ID) VALUES ('창녕군', 16);
INSERT INTO local (NAME, CITY_ID) VALUES ('창원시', 16);
INSERT INTO local (NAME, CITY_ID) VALUES ('창원시 마산합포구', 16);
INSERT INTO local (NAME, CITY_ID) VALUES ('창원시 마산회원구', 16);
INSERT INTO local (NAME, CITY_ID) VALUES ('창원시 성산구', 16);
INSERT INTO local (NAME, CITY_ID) VALUES ('창원시 의창구', 16);
INSERT INTO local (NAME, CITY_ID) VALUES ('창원시 진해구', 16);
INSERT INTO local (NAME, CITY_ID) VALUES ('통영시', 16);
INSERT INTO local (NAME, CITY_ID) VALUES ('하동군', 16);
INSERT INTO local (NAME, CITY_ID) VALUES ('함안군', 16);
INSERT INTO local (NAME, CITY_ID) VALUES ('함양군', 16);
INSERT INTO local (NAME, CITY_ID) VALUES ('합천군', 16);


INSERT INTO local (NAME, CITY_ID) VALUES ('서귀포시', 17);
INSERT INTO local (NAME, CITY_ID) VALUES ('제주시', 17);